CH1,CH2,CH3,Start,Increment,
1.04000e-01,4.80000e+00,3.28000e+01,
5.20000e-02,-4.64000e+00,3.44000e+01,
9.60000e-02,4.80000e+00,3.28000e+01,
4.80000e-02,-4.72000e+00,3.44000e+01,
4.80000e-02,4.80000e+00,3.28000e+01,
1.04000e-01,-4.72000e+00,3.44000e+01,
5.60000e-02,-4.64000e+00,3.28000e+01,
1.04000e-01,4.80000e+00,3.44000e+01,
1.08000e-01,4.80000e+00,3.28000e+01,
5.20000e-02,-4.80000e+00,3.44000e+01,
1.08000e-01,-4.64000e+00,3.44000e+01,
5.20000e-02,4.80000e+00,3.28000e+01,
1.08000e-01,-4.64000e+00,3.28000e+01,
6.00000e-02,4.80000e+00,3.44000e+01,
1.08000e-01,-4.64000e+00,3.28000e+01,
5.20000e-02,4.80000e+00,3.44000e+01,
1.08000e-01,-4.64000e+00,3.28000e+01,
6.00000e-02,4.80000e+00,3.44000e+01,
1.08000e-01,4.80000e+00,3.28000e+01,
6.00000e-02,-4.72000e+00,3.44000e+01,
6.00000e-02,-4.64000e+00,3.28000e+01,
1.16000e-01,4.80000e+00,3.44000e+01,
6.00000e-02,4.80000e+00,3.28000e+01,
1.12000e-01,-4.72000e+00,3.44000e+01,
6.00000e-02,4.80000e+00,3.44000e+01,
1.08000e-01,-4.72000e+00,3.28000e+01,
1.08000e-01,-4.64000e+00,3.28000e+01,
5.60000e-02,4.80000e+00,3.44000e+01,
1.04000e-01,4.80000e+00,3.28000e+01,
5.20000e-02,-4.72000e+00,3.44000e+01,
6.00000e-02,-4.64000e+00,3.28000e+01,
1.08000e-01,4.80000e+00,3.44000e+01,
6.00000e-02,-4.64000e+00,3.44000e+01,
1.08000e-01,4.80000e+00,3.28000e+01,
6.00000e-02,-4.64000e+00,3.44000e+01,
1.08000e-01,4.80000e+00,3.28000e+01,
6.40000e-02,-4.72000e+00,3.28000e+01,
1.16000e-01,4.80000e+00,3.44000e+01,
1.08000e-01,4.80000e+00,3.28000e+01,
5.60000e-02,-4.80000e+00,3.44000e+01,
1.16000e-01,4.80000e+00,3.28000e+01,
6.00000e-02,-4.72000e+00,3.44000e+01,
1.16000e-01,-4.64000e+00,3.44000e+01,
6.00000e-02,4.80000e+00,3.28000e+01,
6.00000e-02,-4.64000e+00,3.28000e+01,
1.16000e-01,4.80000e+00,3.44000e+01,
1.16000e-01,4.80000e+00,3.44000e+01,
6.40000e-02,-4.72000e+00,3.28000e+01,
6.40000e-02,4.80000e+00,3.28000e+01,
1.20000e-01,-4.72000e+00,3.44000e+01,
1.16000e-01,4.80000e+00,3.28000e+01,
6.40000e-02,-4.72000e+00,3.44000e+01,
6.80000e-02,4.80000e+00,3.28000e+01,
1.20000e-01,-4.72000e+00,3.44000e+01,
7.20000e-02,4.80000e+00,3.44000e+01,
1.20000e-01,-4.80000e+00,3.28000e+01,
1.20000e-01,-4.64000e+00,3.44000e+01,
6.40000e-02,4.80000e+00,3.28000e+01,
1.20000e-01,-4.72000e+00,3.44000e+01,
6.40000e-02,4.80000e+00,3.28000e+01,
7.20000e-02,4.80000e+00,3.28000e+01,
1.20000e-01,-4.80000e+00,3.44000e+01,
7.20000e-02,4.80000e+00,3.44000e+01,
1.20000e-01,-4.72000e+00,3.28000e+01,
7.20000e-02,-4.72000e+00,3.28000e+01,
1.20000e-01,4.80000e+00,3.44000e+01,
7.20000e-02,-4.64000e+00,3.44000e+01,
1.24000e-01,4.80000e+00,3.28000e+01,
1.28000e-01,-4.72000e+00,3.44000e+01,
6.80000e-02,4.80000e+00,3.28000e+01,
1.20000e-01,4.80000e+00,3.44000e+01,
6.80000e-02,-4.72000e+00,3.28000e+01,
7.20000e-02,4.80000e+00,3.28000e+01,
1.28000e-01,-4.80000e+00,3.44000e+01,
7.20000e-02,-4.64000e+00,3.44000e+01,
1.28000e-01,4.80000e+00,3.28000e+01,
7.20000e-02,-4.64000e+00,3.28000e+01,
1.28000e-01,4.80000e+00,3.44000e+01,
7.60000e-02,-4.64000e+00,3.28000e+01,
1.28000e-01,4.80000e+00,3.44000e+01,
1.28000e-01,-4.64000e+00,3.28000e+01,
7.60000e-02,4.80000e+00,3.44000e+01,
1.28000e-01,-4.64000e+00,3.28000e+01,
8.40000e-02,4.80000e+00,3.44000e+01,
7.60000e-02,-4.64000e+00,3.28000e+01,
1.32000e-01,4.80000e+00,3.44000e+01,
8.40000e-02,-4.64000e+00,3.28000e+01,
1.28000e-01,4.80000e+00,3.44000e+01,
8.00000e-02,-4.64000e+00,3.28000e+01,
1.32000e-01,4.80000e+00,3.44000e+01,
1.32000e-01,-4.64000e+00,3.28000e+01,
7.60000e-02,4.80000e+00,3.44000e+01,
7.60000e-02,4.80000e+00,8.00000e-01,
1.28000e-01,-4.56000e+00,-8.00000e-01,
1.28000e-01,-4.88000e+00,3.28000e+01,
7.60000e-02,4.88000e+00,3.44000e+01,
7.20000e-02,-4.88000e+00,3.28000e+01,
1.28000e-01,4.88000e+00,3.44000e+01,
7.60000e-02,-4.88000e+00,3.28000e+01,
1.24000e-01,4.88000e+00,3.44000e+01,
1.28000e-01,4.88000e+00,3.28000e+01,
7.60000e-02,-4.88000e+00,3.44000e+01,
7.60000e-02,-4.88000e+00,3.44000e+01,
1.28000e-01,4.88000e+00,3.28000e+01,
1.28000e-01,4.88000e+00,3.28000e+01,
7.60000e-02,-4.88000e+00,3.44000e+01,
7.60000e-02,4.88000e+00,3.28000e+01,
1.28000e-01,-4.88000e+00,3.44000e+01,
7.60000e-02,4.88000e+00,3.28000e+01,
1.28000e-01,-4.88000e+00,3.44000e+01,
7.60000e-02,4.88000e+00,3.28000e+01,
1.28000e-01,-4.88000e+00,3.44000e+01,
1.24000e-01,4.88000e+00,3.28000e+01,
7.60000e-02,-4.88000e+00,3.44000e+01,
7.20000e-02,4.88000e+00,3.28000e+01,
1.24000e-01,-4.88000e+00,3.44000e+01,
1.28000e-01,4.88000e+00,3.28000e+01,
7.20000e-02,-4.88000e+00,3.44000e+01,
7.20000e-02,-4.88000e+00,3.44000e+01,
1.24000e-01,4.88000e+00,3.28000e+01,
1.20000e-01,-4.88000e+00,3.44000e+01,
6.40000e-02,4.88000e+00,3.28000e+01,
1.16000e-01,4.88000e+00,3.28000e+01,
6.80000e-02,-4.88000e+00,3.44000e+01,
1.16000e-01,4.88000e+00,3.44000e+01,
6.80000e-02,-4.88000e+00,3.28000e+01,
1.20000e-01,4.88000e+00,3.28000e+01,
6.40000e-02,-4.88000e+00,3.44000e+01,
6.80000e-02,4.88000e+00,3.28000e+01,
1.20000e-01,-4.88000e+00,3.44000e+01,
7.20000e-02,4.88000e+00,3.28000e+01,
1.24000e-01,-4.88000e+00,3.44000e+01,
1.20000e-01,4.88000e+00,3.28000e+01,
6.40000e-02,-4.88000e+00,3.44000e+01,
6.40000e-02,4.88000e+00,3.28000e+01,
1.28000e-01,-4.88000e+00,3.44000e+01,
7.20000e-02,4.88000e+00,3.28000e+01,
1.28000e-01,-4.88000e+00,3.44000e+01,
7.20000e-02,4.88000e+00,3.28000e+01,
1.24000e-01,-4.88000e+00,3.44000e+01,
1.20000e-01,4.88000e+00,3.44000e+01,
7.20000e-02,-4.88000e+00,3.28000e+01,
1.20000e-01,4.88000e+00,3.44000e+01,
6.40000e-02,-4.80000e+00,3.28000e+01,
7.20000e-02,4.88000e+00,3.28000e+01,
1.28000e-01,-4.88000e+00,3.44000e+01,
1.28000e-01,4.88000e+00,3.28000e+01,
7.20000e-02,-4.88000e+00,3.44000e+01,
7.20000e-02,-4.80000e+00,3.44000e+01,
1.28000e-01,4.88000e+00,3.28000e+01,
1.28000e-01,4.96000e+00,3.28000e+01,
7.20000e-02,-4.88000e+00,3.44000e+01,
1.28000e-01,4.88000e+00,3.28000e+01,
7.60000e-02,-4.88000e+00,3.44000e+01,
1.28000e-01,4.88000e+00,3.28000e+01,
7.20000e-02,-4.88000e+00,3.44000e+01,
7.20000e-02,-4.88000e+00,3.28000e+01,
1.32000e-01,4.88000e+00,3.44000e+01,
1.24000e-01,4.88000e+00,3.28000e+01,
7.20000e-02,-4.88000e+00,3.44000e+01,
1.28000e-01,4.88000e+00,3.28000e+01,
6.40000e-02,-4.88000e+00,3.44000e+01,
7.60000e-02,-4.88000e+00,3.28000e+01,
1.32000e-01,4.88000e+00,3.44000e+01,
1.28000e-01,4.88000e+00,3.44000e+01,
7.20000e-02,-4.88000e+00,3.28000e+01,
7.60000e-02,4.88000e+00,3.44000e+01,
1.28000e-01,-4.88000e+00,3.28000e+01,
7.60000e-02,4.88000e+00,3.28000e+01,
1.28000e-01,-4.80000e+00,3.44000e+01,
8.00000e-02,4.88000e+00,3.28000e+01,
1.28000e-01,-4.80000e+00,3.44000e+01,
1.28000e-01,4.88000e+00,3.28000e+01,
7.60000e-02,-4.88000e+00,3.44000e+01,
7.60000e-02,4.88000e+00,3.28000e+01,
1.28000e-01,-4.80000e+00,3.44000e+01,
8.00000e-02,4.88000e+00,3.28000e+01,
1.32000e-01,-4.80000e+00,3.44000e+01,
8.40000e-02,-4.80000e+00,3.44000e+01,
1.32000e-01,4.88000e+00,3.28000e+01,
8.40000e-02,4.88000e+00,3.28000e+01,
1.32000e-01,-4.80000e+00,3.44000e+01,
1.32000e-01,4.88000e+00,3.28000e+01,
8.00000e-02,-4.88000e+00,3.44000e+01,
8.40000e-02,-4.80000e+00,3.28000e+01,
1.32000e-01,4.88000e+00,3.44000e+01,
1.32000e-01,-4.80000e+00,3.28000e+01,
7.60000e-02,4.88000e+00,3.44000e+01,
1.28000e-01,-4.80000e+00,3.28000e+01,
7.60000e-02,4.88000e+00,3.44000e+01,
7.60000e-02,-4.80000e+00,3.28000e+01,
1.32000e-01,4.88000e+00,3.44000e+01,
1.32000e-01,4.88000e+00,3.44000e+01,
7.20000e-02,-4.88000e+00,3.28000e+01,
7.60000e-02,4.88000e+00,3.28000e+01,
1.28000e-01,-4.80000e+00,3.44000e+01,
8.40000e-02,4.88000e+00,3.44000e+01,
1.28000e-01,-4.80000e+00,3.28000e+01,
1.28000e-01,4.88000e+00,3.28000e+01,
7.60000e-02,-4.80000e+00,3.44000e+01,
1.32000e-01,-4.80000e+00,3.28000e+01,
7.60000e-02,4.88000e+00,3.44000e+01,
7.60000e-02,-4.80000e+00,3.28000e+01,
1.28000e-01,4.88000e+00,3.44000e+01,
1.28000e-01,4.88000e+00,3.28000e+01,
7.60000e-02,-4.80000e+00,3.44000e+01,
1.28000e-01,4.88000e+00,3.28000e+01,
7.60000e-02,-4.80000e+00,3.44000e+01,
1.32000e-01,4.88000e+00,3.28000e+01,
7.60000e-02,-4.80000e+00,3.44000e+01,
1.32000e-01,-4.80000e+00,3.28000e+01,
7.60000e-02,4.88000e+00,3.44000e+01,
7.60000e-02,4.88000e+00,3.28000e+01,
1.32000e-01,-4.80000e+00,3.44000e+01,
7.60000e-02,4.88000e+00,3.44000e+01,
1.28000e-01,-4.80000e+00,3.28000e+01,
7.60000e-02,4.88000e+00,3.28000e+01,
1.28000e-01,-4.80000e+00,3.44000e+01,
7.60000e-02,-4.80000e+00,3.28000e+01,
1.36000e-01,4.88000e+00,3.44000e+01,
1.32000e-01,4.88000e+00,3.28000e+01,
7.60000e-02,-4.88000e+00,3.44000e+01,
1.28000e-01,4.88000e+00,3.28000e+01,
7.60000e-02,-4.80000e+00,3.44000e+01,
7.60000e-02,4.88000e+00,3.28000e+01,
1.28000e-01,-4.88000e+00,3.44000e+01,
1.28000e-01,4.88000e+00,3.28000e+01,
7.60000e-02,-4.80000e+00,3.44000e+01,
1.28000e-01,4.88000e+00,3.28000e+01,
7.60000e-02,-4.80000e+00,3.44000e+01,
1.28000e-01,4.88000e+00,3.28000e+01,
7.60000e-02,-4.80000e+00,3.44000e+01,
1.28000e-01,-4.80000e+00,3.28000e+01,
7.60000e-02,4.88000e+00,3.44000e+01,
7.60000e-02,-4.80000e+00,3.28000e+01,
1.32000e-01,4.88000e+00,3.44000e+01,
1.32000e-01,-4.80000e+00,3.28000e+01,
7.60000e-02,4.88000e+00,3.44000e+01,
1.32000e-01,-4.80000e+00,3.28000e+01,
8.00000e-02,4.88000e+00,3.44000e+01,
1.32000e-01,4.88000e+00,3.28000e+01,
7.60000e-02,-4.80000e+00,3.44000e+01,
8.00000e-02,4.88000e+00,3.28000e+01,
1.32000e-01,-4.88000e+00,3.44000e+01,
8.40000e-02,-4.80000e+00,3.28000e+01,
1.36000e-01,4.88000e+00,3.44000e+01,
8.40000e-02,-4.80000e+00,3.28000e+01,
1.32000e-01,4.88000e+00,3.44000e+01,
8.40000e-02,4.88000e+00,3.44000e+01,
1.36000e-01,-4.80000e+00,3.28000e+01,
8.40000e-02,4.88000e+00,3.28000e+01,
1.40000e-01,-4.80000e+00,3.44000e+01,
1.40000e-01,4.88000e+00,3.28000e+01,
8.80000e-02,-4.80000e+00,3.44000e+01,
8.40000e-02,-4.80000e+00,3.44000e+01,
1.44000e-01,4.88000e+00,3.28000e+01,
1.40000e-01,-4.80000e+00,3.28000e+01,
8.40000e-02,4.88000e+00,3.44000e+01,
8.80000e-02,-4.80000e+00,3.28000e+01,
1.44000e-01,4.88000e+00,3.44000e+01,
1.44000e-01,-4.80000e+00,3.28000e+01,
8.40000e-02,4.88000e+00,3.44000e+01,
8.80000e-02,4.88000e+00,3.28000e+01,
1.44000e-01,-4.80000e+00,3.44000e+01,
8.80000e-02,-4.80000e+00,3.28000e+01,
1.44000e-01,4.88000e+00,3.44000e+01,
8.80000e-02,-4.80000e+00,3.44000e+01,
1.44000e-01,4.88000e+00,3.28000e+01,
8.80000e-02,-4.80000e+00,3.28000e+01,
1.44000e-01,4.88000e+00,3.44000e+01,
8.80000e-02,-4.80000e+00,3.28000e+01,
1.44000e-01,4.88000e+00,3.44000e+01,
9.20000e-02,-4.80000e+00,3.28000e+01,
1.44000e-01,4.88000e+00,3.44000e+01,
1.40000e-01,-4.80000e+00,3.28000e+01,
8.80000e-02,4.88000e+00,3.44000e+01,
9.60000e-02,-4.80000e+00,3.28000e+01,
1.44000e-01,4.88000e+00,3.44000e+01,
8.40000e-02,-4.80000e+00,3.28000e+01,
1.44000e-01,4.88000e+00,3.44000e+01,
1.40000e-01,4.88000e+00,3.28000e+01,
9.20000e-02,-4.80000e+00,3.44000e+01,
8.80000e-02,4.88000e+00,3.28000e+01,
1.44000e-01,-4.80000e+00,3.44000e+01,
1.48000e-01,4.88000e+00,3.28000e+01,
8.80000e-02,-4.80000e+00,3.44000e+01,
8.80000e-02,4.88000e+00,3.28000e+01,
1.44000e-01,-4.88000e+00,3.44000e+01,
1.40000e-01,4.80000e+00,3.28000e+01,
8.80000e-02,-4.80000e+00,3.44000e+01,
8.80000e-02,-4.80000e+00,3.28000e+01,
1.40000e-01,4.88000e+00,3.44000e+01,
1.40000e-01,-4.80000e+00,3.28000e+01,
8.40000e-02,4.88000e+00,3.44000e+01,
1.40000e-01,-4.80000e+00,3.28000e+01,
8.40000e-02,4.88000e+00,3.44000e+01,
8.40000e-02,4.88000e+00,3.44000e+01,
1.40000e-01,-4.80000e+00,3.28000e+01,
1.32000e-01,-4.80000e+00,3.28000e+01,
8.80000e-02,4.88000e+00,3.44000e+01,
1.44000e-01,4.80000e+00,3.28000e+01,
8.40000e-02,-4.80000e+00,3.44000e+01,
8.40000e-02,-4.80000e+00,3.28000e+01,
1.40000e-01,4.88000e+00,3.44000e+01,
1.40000e-01,-4.80000e+00,3.28000e+01,
7.60000e-02,4.88000e+00,3.44000e+01,
1.36000e-01,-4.80000e+00,3.28000e+01,
8.40000e-02,4.88000e+00,3.44000e+01,
1.40000e-01,-4.80000e+00,3.28000e+01,
8.40000e-02,4.88000e+00,3.44000e+01,
1.36000e-01,-4.80000e+00,3.28000e+01,
8.40000e-02,4.88000e+00,3.44000e+01,
1.36000e-01,-4.80000e+00,3.28000e+01,
8.40000e-02,4.88000e+00,3.44000e+01,
1.32000e-01,-4.80000e+00,3.44000e+01,
8.40000e-02,4.88000e+00,3.28000e+01,
1.36000e-01,-4.80000e+00,3.44000e+01,
8.40000e-02,4.88000e+00,3.28000e+01,
1.32000e-01,-4.80000e+00,3.44000e+01,
8.40000e-02,4.88000e+00,3.28000e+01,
8.00000e-02,-4.80000e+00,3.28000e+01,
1.32000e-01,4.88000e+00,3.44000e+01,
8.40000e-02,-4.80000e+00,3.28000e+01,
1.36000e-01,4.88000e+00,3.44000e+01,
8.00000e-02,4.80000e+00,3.28000e+01,
1.36000e-01,-4.80000e+00,3.44000e+01,
1.32000e-01,-4.80000e+00,3.28000e+01,
7.60000e-02,4.88000e+00,3.44000e+01,
8.40000e-02,4.80000e+00,3.28000e+01,
1.36000e-01,-4.80000e+00,3.44000e+01,
8.40000e-02,4.80000e+00,3.28000e+01,
1.32000e-01,-4.80000e+00,3.44000e+01,
7.60000e-02,4.80000e+00,3.44000e+01,
1.32000e-01,-4.80000e+00,3.28000e+01,
1.32000e-01,-4.80000e+00,3.44000e+01,
8.00000e-02,4.80000e+00,3.28000e+01,
8.40000e-02,4.80000e+00,3.28000e+01,
1.36000e-01,-4.80000e+00,3.44000e+01,
1.32000e-01,4.80000e+00,3.28000e+01,
8.40000e-02,-4.80000e+00,3.44000e+01,
8.40000e-02,-4.80000e+00,3.28000e+01,
1.36000e-01,4.80000e+00,3.44000e+01,
8.40000e-02,-4.80000e+00,3.28000e+01,
1.40000e-01,4.88000e+00,3.44000e+01,
7.60000e-02,4.80000e+00,3.28000e+01,
1.36000e-01,-4.80000e+00,3.44000e+01,
8.40000e-02,-4.80000e+00,3.44000e+01,
1.36000e-01,4.80000e+00,3.28000e+01,
8.40000e-02,-4.80000e+00,3.28000e+01,
1.40000e-01,4.88000e+00,3.44000e+01,
8.40000e-02,-4.80000e+00,3.28000e+01,
1.36000e-01,4.88000e+00,3.44000e+01,
8.40000e-02,-4.80000e+00,3.28000e+01,
1.44000e-01,4.88000e+00,3.44000e+01,
8.40000e-02,4.80000e+00,3.28000e+01,
1.44000e-01,-4.80000e+00,3.44000e+01,
8.80000e-02,-4.80000e+00,3.28000e+01,
1.40000e-01,4.88000e+00,3.44000e+01,
8.40000e-02,-4.80000e+00,3.44000e+01,
1.44000e-01,4.88000e+00,3.28000e+01,
8.40000e-02,-4.80000e+00,3.28000e+01,
1.44000e-01,4.88000e+00,3.44000e+01,
8.80000e-02,-4.80000e+00,3.28000e+01,
1.40000e-01,4.88000e+00,3.44000e+01,
1.44000e-01,4.80000e+00,3.28000e+01,
8.40000e-02,-4.80000e+00,3.44000e+01,
1.40000e-01,4.80000e+00,3.28000e+01,
8.40000e-02,-4.80000e+00,3.44000e+01,
8.40000e-02,-4.80000e+00,3.28000e+01,
1.40000e-01,4.80000e+00,3.44000e+01,
1.40000e-01,-4.80000e+00,3.28000e+01,
8.80000e-02,4.80000e+00,3.44000e+01,
8.80000e-02,4.80000e+00,3.28000e+01,
1.40000e-01,-4.80000e+00,3.44000e+01,
1.40000e-01,-4.80000e+00,3.28000e+01,
8.40000e-02,4.88000e+00,3.44000e+01,
8.80000e-02,4.80000e+00,3.28000e+01,
1.40000e-01,-4.80000e+00,3.44000e+01,
8.80000e-02,4.80000e+00,3.28000e+01,
1.40000e-01,-4.80000e+00,3.44000e+01,
1.40000e-01,4.80000e+00,3.28000e+01,
8.40000e-02,-4.80000e+00,3.44000e+01,
8.80000e-02,4.80000e+00,3.28000e+01,
1.40000e-01,-4.80000e+00,3.44000e+01,
8.80000e-02,4.80000e+00,3.44000e+01,
1.40000e-01,-4.80000e+00,3.28000e+01,
8.40000e-02,-4.80000e+00,3.28000e+01,
1.44000e-01,4.88000e+00,3.44000e+01,
8.80000e-02,4.80000e+00,3.28000e+01,
1.44000e-01,-4.80000e+00,3.44000e+01,
1.40000e-01,4.80000e+00,3.28000e+01,
8.80000e-02,-4.80000e+00,3.44000e+01,
1.40000e-01,4.80000e+00,3.28000e+01,
8.40000e-02,-4.80000e+00,3.44000e+01,
1.40000e-01,-4.80000e+00,3.28000e+01,
8.80000e-02,4.80000e+00,3.44000e+01,
8.40000e-02,-4.80000e+00,3.28000e+01,
1.40000e-01,4.88000e+00,3.44000e+01,
8.80000e-02,-4.80000e+00,3.28000e+01,
1.44000e-01,4.80000e+00,3.44000e+01,
1.40000e-01,4.80000e+00,3.28000e+01,
8.80000e-02,-4.80000e+00,3.44000e+01,
8.80000e-02,-4.80000e+00,3.28000e+01,
1.40000e-01,4.80000e+00,3.44000e+01,
1.40000e-01,4.80000e+00,3.28000e+01,
8.80000e-02,-4.80000e+00,3.44000e+01,
8.40000e-02,4.80000e+00,3.28000e+01,
1.40000e-01,-4.80000e+00,3.44000e+01,
8.80000e-02,4.80000e+00,3.28000e+01,
1.40000e-01,-4.80000e+00,3.44000e+01,
1.40000e-01,4.80000e+00,3.44000e+01,
8.00000e-02,-4.80000e+00,3.28000e+01,
1.44000e-01,4.80000e+00,3.28000e+01,
8.80000e-02,-4.80000e+00,3.44000e+01,
8.80000e-02,4.80000e+00,3.28000e+01,
1.40000e-01,-4.80000e+00,3.44000e+01,
1.40000e-01,-4.80000e+00,3.28000e+01,
8.80000e-02,4.80000e+00,3.44000e+01,
1.44000e-01,4.80000e+00,3.28000e+01,
8.80000e-02,-4.80000e+00,3.44000e+01,
8.80000e-02,4.80000e+00,3.28000e+01,
1.40000e-01,-4.80000e+00,3.44000e+01,
1.40000e-01,4.80000e+00,3.28000e+01,
8.80000e-02,-4.80000e+00,3.44000e+01,
8.80000e-02,-4.80000e+00,3.28000e+01,
1.40000e-01,4.80000e+00,3.44000e+01,
1.40000e-01,4.80000e+00,3.28000e+01,
8.80000e-02,-4.80000e+00,3.44000e+01,
1.40000e-01,4.80000e+00,3.28000e+01,
8.40000e-02,-4.80000e+00,3.44000e+01,
8.80000e-02,4.80000e+00,3.28000e+01,
1.44000e-01,-4.80000e+00,3.44000e+01,
1.44000e-01,4.80000e+00,3.28000e+01,
8.80000e-02,-4.80000e+00,3.44000e+01,
1.48000e-01,4.80000e+00,3.28000e+01,
8.80000e-02,-4.80000e+00,3.44000e+01,
8.80000e-02,4.80000e+00,3.28000e+01,
1.44000e-01,-4.80000e+00,3.44000e+01,
1.40000e-01,-4.80000e+00,3.28000e+01,
9.20000e-02,4.80000e+00,3.44000e+01,
8.80000e-02,-4.80000e+00,3.28000e+01,
1.44000e-01,4.88000e+00,3.44000e+01,
1.44000e-01,-4.80000e+00,3.28000e+01,
9.20000e-02,4.88000e+00,3.44000e+01,
1.44000e-01,4.80000e+00,3.28000e+01,
8.80000e-02,-4.80000e+00,3.44000e+01,
9.60000e-02,-4.80000e+00,3.44000e+01,
1.48000e-01,4.88000e+00,3.28000e+01,
1.44000e-01,-4.80000e+00,3.28000e+01,
8.80000e-02,4.80000e+00,3.44000e+01,
8.80000e-02,4.80000e+00,3.28000e+01,
1.44000e-01,-4.80000e+00,3.44000e+01,
9.60000e-02,4.80000e+00,3.28000e+01,
1.44000e-01,-4.80000e+00,3.44000e+01,
1.44000e-01,-4.80000e+00,3.28000e+01,
8.80000e-02,4.80000e+00,3.44000e+01,
1.44000e-01,4.80000e+00,3.44000e+01,
8.80000e-02,-4.80000e+00,3.28000e+01,
9.60000e-02,4.80000e+00,3.44000e+01,
1.44000e-01,-4.80000e+00,3.28000e+01,
9.60000e-02,-4.80000e+00,3.28000e+01,
1.44000e-01,4.88000e+00,3.44000e+01,
9.60000e-02,4.88000e+00,3.28000e+01,
1.48000e-01,-4.80000e+00,3.44000e+01,
1.44000e-01,4.88000e+00,3.44000e+01,
9.60000e-02,-4.80000e+00,3.28000e+01,
9.60000e-02,4.80000e+00,3.28000e+01,
1.44000e-01,-4.80000e+00,3.44000e+01,
9.60000e-02,4.80000e+00,3.28000e+01,
1.44000e-01,-4.80000e+00,3.44000e+01,
1.44000e-01,4.80000e+00,3.28000e+01,
8.80000e-02,-4.80000e+00,3.44000e+01,
9.60000e-02,4.80000e+00,3.28000e+01,
1.52000e-01,-4.80000e+00,3.44000e+01,
9.60000e-02,4.80000e+00,3.28000e+01,
1.44000e-01,-4.80000e+00,3.44000e+01,
9.60000e-02,4.80000e+00,3.44000e+01,
1.48000e-01,-4.80000e+00,3.28000e+01,
1.44000e-01,-4.80000e+00,3.44000e+01,
9.60000e-02,4.80000e+00,3.28000e+01,
9.60000e-02,4.80000e+00,3.28000e+01,
1.44000e-01,-4.80000e+00,3.44000e+01,
9.60000e-02,4.80000e+00,3.28000e+01,
1.44000e-01,-4.80000e+00,3.44000e+01,
9.60000e-02,4.80000e+00,3.28000e+01,
1.44000e-01,-4.80000e+00,3.44000e+01,
9.60000e-02,4.80000e+00,3.28000e+01,
1.44000e-01,-4.80000e+00,3.44000e+01,
8.80000e-02,-4.80000e+00,3.28000e+01,
1.40000e-01,4.80000e+00,3.44000e+01,
1.44000e-01,4.80000e+00,3.28000e+01,
8.80000e-02,-4.80000e+00,3.44000e+01,
1.44000e-01,4.80000e+00,3.44000e+01,
9.20000e-02,-4.72000e+00,3.28000e+01,
1.44000e-01,-4.72000e+00,3.28000e+01,
8.80000e-02,4.80000e+00,3.44000e+01,
1.44000e-01,4.80000e+00,3.28000e+01,
8.80000e-02,-4.80000e+00,3.44000e+01,
1.40000e-01,4.80000e+00,3.28000e+01,
8.80000e-02,-4.80000e+00,3.44000e+01,
8.80000e-02,4.80000e+00,3.28000e+01,
1.44000e-01,-4.80000e+00,3.44000e+01,
1.40000e-01,4.80000e+00,3.28000e+01,
8.80000e-02,-4.80000e+00,3.44000e+01,
9.60000e-02,4.80000e+00,3.28000e+01,
1.40000e-01,-4.80000e+00,3.44000e+01,
1.44000e-01,4.80000e+00,3.28000e+01,
8.80000e-02,-4.72000e+00,3.44000e+01,
1.40000e-01,4.80000e+00,3.44000e+01,
8.80000e-02,-4.80000e+00,3.28000e+01,
8.80000e-02,4.80000e+00,3.28000e+01,
1.40000e-01,-4.80000e+00,3.44000e+01,
1.40000e-01,4.80000e+00,3.44000e+01,
8.80000e-02,-4.80000e+00,3.28000e+01,
8.80000e-02,-4.80000e+00,3.28000e+01,
1.40000e-01,4.80000e+00,3.44000e+01,
1.40000e-01,-4.80000e+00,3.28000e+01,
8.80000e-02,4.80000e+00,3.44000e+01,
8.40000e-02,-4.72000e+00,3.28000e+01,
1.40000e-01,4.80000e+00,3.44000e+01,
1.32000e-01,4.80000e+00,3.28000e+01,
8.40000e-02,-4.80000e+00,3.44000e+01,
8.40000e-02,4.80000e+00,3.28000e+01,
1.32000e-01,-4.80000e+00,3.44000e+01,
1.32000e-01,4.80000e+00,3.28000e+01,
7.60000e-02,-4.80000e+00,3.44000e+01,
1.24000e-01,4.80000e+00,3.28000e+01,
7.20000e-02,-4.80000e+00,3.44000e+01,
1.20000e-01,4.80000e+00,3.28000e+01,
7.20000e-02,-4.80000e+00,3.44000e+01,
1.20000e-01,4.80000e+00,3.44000e+01,
6.40000e-02,-4.80000e+00,3.28000e+01,
6.80000e-02,4.80000e+00,3.28000e+01,
1.24000e-01,-4.80000e+00,3.44000e+01,
1.20000e-01,4.80000e+00,3.28000e+01,
7.20000e-02,-4.80000e+00,3.44000e+01,
7.20000e-02,4.80000e+00,3.28000e+01,
1.24000e-01,-4.80000e+00,3.44000e+01,
7.20000e-02,-4.72000e+00,3.44000e+01,
1.28000e-01,4.80000e+00,3.28000e+01,
7.60000e-02,4.80000e+00,3.28000e+01,
1.24000e-01,-4.80000e+00,3.44000e+01,
1.28000e-01,-4.80000e+00,3.28000e+01,
7.20000e-02,4.88000e+00,3.44000e+01,
1.28000e-01,-4.80000e+00,3.44000e+01,
7.20000e-02,4.88000e+00,3.28000e+01,
1.20000e-01,-4.80000e+00,3.28000e+01,
6.40000e-02,4.88000e+00,3.44000e+01,
1.20000e-01,-4.80000e+00,3.28000e+01,
6.40000e-02,4.80000e+00,3.44000e+01,
6.40000e-02,4.80000e+00,3.28000e+01,
1.16000e-01,-4.72000e+00,3.44000e+01,
6.40000e-02,4.88000e+00,3.28000e+01,
1.16000e-01,-4.80000e+00,3.44000e+01,
6.00000e-02,4.80000e+00,3.28000e+01,
1.16000e-01,-4.72000e+00,3.44000e+01,
6.40000e-02,4.80000e+00,3.44000e+01,
1.16000e-01,-4.80000e+00,3.28000e+01,
6.40000e-02,-4.80000e+00,3.28000e+01,
1.16000e-01,4.80000e+00,3.44000e+01,
1.16000e-01,4.80000e+00,3.28000e+01,
6.80000e-02,-4.80000e+00,3.44000e+01,
1.16000e-01,4.80000e+00,3.28000e+01,
6.40000e-02,-4.72000e+00,3.44000e+01,
1.08000e-01,4.80000e+00,3.28000e+01,
6.00000e-02,-4.80000e+00,3.44000e+01,
1.04000e-01,4.80000e+00,3.44000e+01,
5.20000e-02,-4.72000e+00,3.28000e+01,
9.60000e-02,4.80000e+00,3.28000e+01,
4.80000e-02,-4.80000e+00,3.44000e+01,
9.60000e-02,-4.72000e+00,3.28000e+01,
4.80000e-02,4.80000e+00,3.44000e+01,
4.80000e-02,4.80000e+00,3.28000e+01,
9.60000e-02,-4.80000e+00,3.44000e+01,
5.20000e-02,4.80000e+00,3.28000e+01,
1.04000e-01,-4.72000e+00,3.44000e+01,
1.00000e-01,4.80000e+00,3.44000e+01,
5.20000e-02,-4.80000e+00,3.28000e+01,
5.20000e-02,4.80000e+00,3.28000e+01,
1.00000e-01,-4.80000e+00,3.44000e+01,
1.04000e-01,4.80000e+00,3.28000e+01,
5.20000e-02,-4.80000e+00,3.44000e+01,
9.60000e-02,4.80000e+00,3.44000e+01,
4.00000e-02,-4.80000e+00,3.28000e+01,
8.00000e-02,4.80000e+00,3.28000e+01,
2.80000e-02,-4.72000e+00,3.44000e+01,
7.20000e-02,4.80000e+00,3.28000e+01,
2.00000e-02,-4.72000e+00,3.44000e+01,
6.80000e-02,4.80000e+00,3.28000e+01,
2.00000e-02,-4.80000e+00,3.44000e+01,
2.40000e-02,-4.80000e+00,3.28000e+01,
7.20000e-02,4.80000e+00,3.44000e+01,
2.40000e-02,4.80000e+00,3.28000e+01,
6.80000e-02,-4.72000e+00,3.44000e+01,
2.40000e-02,4.80000e+00,3.28000e+01,
7.20000e-02,-4.80000e+00,3.44000e+01,
6.80000e-02,4.80000e+00,3.28000e+01,
1.60000e-02,-4.80000e+00,3.44000e+01,
6.00000e-02,4.80000e+00,3.28000e+01,
4.00000e-03,-4.72000e+00,3.44000e+01,
4.40000e-02,4.80000e+00,3.28000e+01,
-2.00000e-02,-4.80000e+00,3.44000e+01,
2.40000e-02,4.80000e+00,3.28000e+01,
-2.80000e-02,-4.72000e+00,3.44000e+01,
1.60000e-02,4.80000e+00,3.28000e+01,
-3.60000e-02,-4.72000e+00,3.44000e+01,
1.20000e-02,4.80000e+00,3.44000e+01,
-4.40000e-02,-4.72000e+00,3.28000e+01,
-3.60000e-02,4.80000e+00,3.44000e+01,
1.20000e-02,-4.80000e+00,3.28000e+01,
-3.60000e-02,4.80000e+00,3.28000e+01,
1.60000e-02,-4.72000e+00,3.44000e+01,
-3.60000e-02,4.80000e+00,3.28000e+01,
1.20000e-02,-4.72000e+00,3.44000e+01,
1.20000e-02,4.80000e+00,3.28000e+01,
-4.00000e-02,-4.72000e+00,3.44000e+01,
4.00000e-03,4.80000e+00,3.44000e+01,
-6.00000e-02,-4.72000e+00,3.28000e+01,
-2.00000e-02,4.80000e+00,3.28000e+01,
-8.00000e-02,-4.80000e+00,3.44000e+01,
-2.80000e-02,-4.72000e+00,3.28000e+01,
-9.20000e-02,4.80000e+00,3.44000e+01,
-4.80000e-02,4.80000e+00,3.28000e+01,
-9.60000e-02,-4.72000e+00,3.44000e+01,
-5.20000e-02,4.80000e+00,3.28000e+01,
-1.00000e-01,-4.72000e+00,3.44000e+01,
-5.20000e-02,4.80000e+00,3.44000e+01,
-1.04000e-01,-4.72000e+00,3.28000e+01,
-6.00000e-02,4.80000e+00,3.28000e+01,
-1.08000e-01,-4.80000e+00,3.44000e+01,
-6.00000e-02,4.80000e+00,3.44000e+01,
-1.12000e-01,-4.72000e+00,3.28000e+01,
-1.04000e-01,4.80000e+00,3.28000e+01,
-6.00000e-02,-4.80000e+00,3.44000e+01,
-1.12000e-01,-4.72000e+00,3.44000e+01,
-6.00000e-02,4.80000e+00,3.28000e+01,
-6.00000e-02,-4.72000e+00,3.28000e+01,
-1.08000e-01,4.80000e+00,3.44000e+01,
-1.12000e-01,4.80000e+00,3.28000e+01,
-5.60000e-02,-4.72000e+00,3.44000e+01,
-1.04000e-01,4.80000e+00,3.28000e+01,
-4.80000e-02,-4.80000e+00,3.44000e+01,
-5.20000e-02,4.80000e+00,3.44000e+01,
-1.04000e-01,-4.72000e+00,3.28000e+01,
-1.00000e-01,4.80000e+00,3.44000e+01,
-5.20000e-02,-4.72000e+00,3.28000e+01,
-9.60000e-02,-4.64000e+00,3.44000e+01,
-4.80000e-02,4.80000e+00,3.28000e+01,
-4.80000e-02,-4.80000e+00,3.28000e+01,
-1.00000e-01,4.80000e+00,3.44000e+01,
-9.60000e-02,4.80000e+00,3.28000e+01,
-4.40000e-02,-4.72000e+00,3.44000e+01,
-9.20000e-02,4.80000e+00,3.44000e+01,
-4.00000e-02,-4.72000e+00,3.28000e+01,
-9.20000e-02,4.80000e+00,3.28000e+01,
-3.60000e-02,-4.64000e+00,3.44000e+01,
-8.40000e-02,4.80000e+00,3.28000e+01,
-3.60000e-02,-4.72000e+00,3.44000e+01,
-3.60000e-02,4.80000e+00,3.28000e+01,
-8.80000e-02,-4.72000e+00,3.44000e+01,
-3.60000e-02,4.80000e+00,3.28000e+01,
-8.80000e-02,-4.72000e+00,3.44000e+01,
-3.60000e-02,4.80000e+00,3.44000e+01,
-8.80000e-02,-4.72000e+00,3.28000e+01,
-8.00000e-02,4.80000e+00,3.44000e+01,
-3.60000e-02,-4.72000e+00,3.28000e+01,
-3.60000e-02,4.80000e+00,3.44000e+01,
-8.80000e-02,-4.72000e+00,3.28000e+01,
-8.00000e-02,4.80000e+00,3.44000e+01,
-3.20000e-02,-4.72000e+00,3.28000e+01,
-8.00000e-02,4.80000e+00,3.28000e+01,
-2.40000e-02,-4.80000e+00,3.44000e+01,
-7.60000e-02,4.80000e+00,3.28000e+01,
-2.40000e-02,-4.72000e+00,3.44000e+01,
-7.20000e-02,4.80000e+00,3.28000e+01,
-2.40000e-02,-4.72000e+00,3.44000e+01,
-7.20000e-02,4.80000e+00,3.44000e+01,
-2.40000e-02,-4.80000e+00,3.28000e+01,
-2.40000e-02,4.80000e+00,3.28000e+01,
-8.00000e-02,-4.72000e+00,3.44000e+01,
-2.40000e-02,4.80000e+00,3.44000e+01,
-7.20000e-02,-4.72000e+00,3.28000e+01,
-2.40000e-02,4.80000e+00,3.28000e+01,
-7.60000e-02,-4.72000e+00,3.44000e+01,
-2.40000e-02,-4.72000e+00,3.28000e+01,
-6.80000e-02,4.80000e+00,3.44000e+01,
-2.40000e-02,4.80000e+00,3.28000e+01,
-7.60000e-02,-4.72000e+00,3.44000e+01,
-2.40000e-02,-4.72000e+00,3.28000e+01,
-6.80000e-02,4.80000e+00,3.44000e+01,
-6.80000e-02,4.80000e+00,3.44000e+01,
-1.60000e-02,-4.72000e+00,3.28000e+01,
-6.80000e-02,4.80000e+00,3.44000e+01,
-1.60000e-02,-4.72000e+00,3.28000e+01,
-6.40000e-02,4.80000e+00,3.28000e+01,
-1.20000e-02,-4.64000e+00,3.44000e+01,
-1.60000e-02,4.80000e+00,3.28000e+01,
-6.80000e-02,-4.72000e+00,3.44000e+01,
-1.60000e-02,4.80000e+00,3.28000e+01,
-6.40000e-02,-4.72000e+00,3.44000e+01,
-1.60000e-02,-4.64000e+00,3.28000e+01,
-6.80000e-02,4.80000e+00,3.44000e+01,
-1.20000e-02,4.80000e+00,3.28000e+01,
-6.40000e-02,-4.72000e+00,3.44000e+01,
-6.40000e-02,4.80000e+00,3.28000e+01,
-8.00000e-03,-4.80000e+00,3.44000e+01,
-1.20000e-02,-4.72000e+00,3.28000e+01,
-6.80000e-02,4.80000e+00,3.44000e+01,
-6.00000e-02,-4.64000e+00,3.28000e+01,
-4.00000e-03,4.80000e+00,3.44000e+01,
-1.20000e-02,4.80000e+00,3.28000e+01,
-6.00000e-02,-4.72000e+00,3.44000e+01,
-6.40000e-02,-4.64000e+00,3.28000e+01,
-4.00000e-03,4.80000e+00,3.44000e+01,
-5.60000e-02,-4.64000e+00,3.28000e+01,
-8.00000e-03,4.80000e+00,3.44000e+01,
-1.20000e-02,-4.64000e+00,3.28000e+01,
-5.60000e-02,4.80000e+00,3.44000e+01,
0.00000e+00,4.80000e+00,3.28000e+01,
-5.60000e-02,-4.72000e+00,3.44000e+01,
0.00000e+00,4.80000e+00,3.28000e+01,
-5.60000e-02,-4.80000e+00,3.44000e+01,
-4.80000e-02,4.80000e+00,3.28000e+01,
0.00000e+00,-4.72000e+00,3.44000e+01,
8.00000e-03,4.80000e+00,3.44000e+01,
-5.20000e-02,-4.72000e+00,3.28000e+01,
-5.20000e-02,4.80000e+00,3.28000e+01,
0.00000e+00,-4.72000e+00,3.44000e+01,
0.00000e+00,4.80000e+00,3.44000e+01,
-4.80000e-02,-4.72000e+00,3.28000e+01,
-4.40000e-02,4.80000e+00,3.28000e+01,
0.00000e+00,-4.64000e+00,3.44000e+01,
-4.40000e-02,4.80000e+00,3.28000e+01,
4.00000e-03,-4.72000e+00,3.44000e+01,
-4.40000e-02,4.80000e+00,3.44000e+01,
8.00000e-03,-4.72000e+00,3.28000e+01,
-4.40000e-02,4.80000e+00,3.28000e+01,
8.00000e-03,-4.72000e+00,3.44000e+01,
8.00000e-03,4.80000e+00,3.28000e+01,
-4.00000e-02,-4.72000e+00,3.44000e+01,
-4.00000e-02,-4.72000e+00,3.28000e+01,
2.00000e-02,4.88000e+00,3.44000e+01,
-3.20000e-02,4.80000e+00,3.44000e+01,
1.20000e-02,-4.72000e+00,3.28000e+01,
-2.80000e-02,4.80000e+00,3.28000e+01,
2.00000e-02,-4.72000e+00,3.44000e+01,
2.00000e-02,4.80000e+00,3.28000e+01,
-3.20000e-02,-4.72000e+00,3.44000e+01,
-2.80000e-02,4.80000e+00,3.28000e+01,
2.00000e-02,-4.72000e+00,3.44000e+01,
-2.40000e-02,4.80000e+00,3.28000e+01,
2.40000e-02,-4.72000e+00,3.44000e+01,
2.40000e-02,4.80000e+00,3.28000e+01,
-2.40000e-02,-4.72000e+00,3.44000e+01,
2.40000e-02,4.80000e+00,3.28000e+01,
-2.00000e-02,-4.72000e+00,3.44000e+01,
3.20000e-02,-4.80000e+00,3.44000e+01,
-2.00000e-02,4.88000e+00,3.28000e+01,
3.20000e-02,4.80000e+00,3.28000e+01,
-2.00000e-02,-4.80000e+00,3.44000e+01,
-1.60000e-02,4.80000e+00,3.28000e+01,
3.20000e-02,-4.80000e+00,3.44000e+01,
3.20000e-02,4.80000e+00,3.28000e+01,
-1.60000e-02,-4.72000e+00,3.44000e+01,
-1.60000e-02,4.80000e+00,3.28000e+01,
3.60000e-02,-4.72000e+00,3.44000e+01,
3.60000e-02,4.80000e+00,3.28000e+01,
-1.20000e-02,-4.72000e+00,3.44000e+01,
-8.00000e-03,-4.64000e+00,3.44000e+01,
4.40000e-02,4.80000e+00,3.28000e+01,
3.60000e-02,4.80000e+00,3.44000e+01,
-8.00000e-03,-4.72000e+00,3.28000e+01,
3.60000e-02,4.80000e+00,3.28000e+01,
-1.20000e-02,-4.72000e+00,3.44000e+01,
-8.00000e-03,-4.64000e+00,3.44000e+01,
4.40000e-02,4.80000e+00,3.28000e+01,
-8.00000e-03,4.80000e+00,3.28000e+01,
4.40000e-02,-4.72000e+00,3.44000e+01,
4.40000e-02,-4.72000e+00,3.28000e+01,
-4.00000e-03,4.80000e+00,3.44000e+01,
-8.00000e-03,4.80000e+00,3.28000e+01,
4.80000e-02,-4.72000e+00,3.44000e+01,
-4.00000e-03,4.80000e+00,3.28000e+01,
4.80000e-02,-4.72000e+00,3.44000e+01,
0.00000e+00,-4.64000e+00,3.44000e+01,
4.80000e-02,4.80000e+00,3.28000e+01,
0.00000e+00,-4.64000e+00,3.28000e+01,
4.80000e-02,4.80000e+00,3.44000e+01,
4.80000e-02,-4.64000e+00,3.28000e+01,
0.00000e+00,4.80000e+00,3.44000e+01,
5.60000e-02,-4.64000e+00,3.28000e+01,
0.00000e+00,4.80000e+00,3.44000e+01,
4.80000e-02,-4.64000e+00,3.28000e+01,
4.00000e-03,4.80000e+00,3.44000e+01,
4.00000e-03,-4.64000e+00,3.44000e+01,
5.60000e-02,4.80000e+00,3.28000e+01,
4.80000e-02,-4.64000e+00,3.44000e+01,
0.00000e+00,4.80000e+00,3.28000e+01,
4.00000e-03,-4.64000e+00,3.28000e+01,
5.60000e-02,4.80000e+00,3.44000e+01,
0.00000e+00,-4.64000e+00,3.28000e+01,
5.20000e-02,4.80000e+00,3.44000e+01,
5.60000e-02,4.80000e+00,3.28000e+01,
4.00000e-03,-4.72000e+00,3.44000e+01,
4.00000e-03,4.80000e+00,3.28000e+01,
6.00000e-02,-4.72000e+00,3.44000e+01,
4.00000e-03,4.80000e+00,3.28000e+01,
5.60000e-02,-4.72000e+00,3.44000e+01,
4.00000e-03,-4.64000e+00,3.28000e+01,
5.60000e-02,4.80000e+00,3.44000e+01,
4.00000e-03,4.80000e+00,3.28000e+01,
6.00000e-02,-4.72000e+00,3.44000e+01,
8.00000e-03,4.80000e+00,3.28000e+01,
6.00000e-02,-4.80000e+00,3.44000e+01,
1.20000e-02,-4.64000e+00,3.28000e+01,
6.00000e-02,4.80000e+00,3.44000e+01,
5.60000e-02,4.80000e+00,3.28000e+01,
1.20000e-02,-4.64000e+00,3.44000e+01,
5.60000e-02,4.80000e+00,3.28000e+01,
1.20000e-02,-4.72000e+00,3.44000e+01,
1.20000e-02,4.80000e+00,3.28000e+01,
6.00000e-02,-4.80000e+00,3.44000e+01,
8.00000e-03,4.80000e+00,3.28000e+01,
6.00000e-02,-4.72000e+00,3.44000e+01,
6.00000e-02,4.80000e+00,3.44000e+01,
1.20000e-02,-4.72000e+00,3.28000e+01,
1.20000e-02,4.80000e+00,3.28000e+01,
6.80000e-02,-4.72000e+00,3.44000e+01,
6.00000e-02,-4.64000e+00,3.28000e+01,
1.20000e-02,4.80000e+00,3.44000e+01,
6.80000e-02,-4.64000e+00,3.28000e+01,
1.20000e-02,4.80000e+00,3.44000e+01,
1.60000e-02,4.80000e+00,3.28000e+01,
6.80000e-02,-4.80000e+00,3.44000e+01,
1.60000e-02,4.80000e+00,3.44000e+01,
6.00000e-02,-4.72000e+00,3.28000e+01,
6.80000e-02,4.80000e+00,3.28000e+01,
8.00000e-03,-4.72000e+00,3.44000e+01,
1.60000e-02,4.80000e+00,3.28000e+01,
6.80000e-02,-4.80000e+00,3.44000e+01,
1.60000e-02,4.80000e+00,3.28000e+01,
6.80000e-02,-4.72000e+00,3.44000e+01,
2.00000e-02,4.80000e+00,3.44000e+01,
6.80000e-02,-4.72000e+00,3.28000e+01,
6.80000e-02,4.80000e+00,3.28000e+01,
1.60000e-02,-4.72000e+00,3.44000e+01,
6.80000e-02,4.80000e+00,3.28000e+01,
1.60000e-02,-4.72000e+00,3.44000e+01,
6.80000e-02,4.80000e+00,3.28000e+01,
2.00000e-02,-4.72000e+00,3.44000e+01,
2.40000e-02,4.80000e+00,3.28000e+01,
7.20000e-02,-4.72000e+00,3.44000e+01,
2.40000e-02,4.80000e+00,3.28000e+01,
7.20000e-02,-4.72000e+00,3.44000e+01,
2.40000e-02,-4.64000e+00,3.28000e+01,
7.20000e-02,4.80000e+00,3.44000e+01,
2.40000e-02,4.80000e+00,3.28000e+01,
7.20000e-02,-4.72000e+00,3.44000e+01,
2.40000e-02,4.80000e+00,3.44000e+01,
7.60000e-02,-4.72000e+00,3.28000e+01,
7.20000e-02,-4.72000e+00,3.28000e+01,
2.80000e-02,4.88000e+00,3.44000e+01,
2.80000e-02,4.80000e+00,3.28000e+01,
8.00000e-02,-4.72000e+00,3.44000e+01,
7.60000e-02,4.80000e+00,3.28000e+01,
2.40000e-02,-4.72000e+00,3.44000e+01,
2.80000e-02,-4.72000e+00,3.28000e+01,
8.00000e-02,4.80000e+00,3.44000e+01,
8.00000e-02,4.80000e+00,3.44000e+01,
2.80000e-02,-4.72000e+00,3.28000e+01,
2.80000e-02,-4.64000e+00,3.44000e+01,
8.00000e-02,4.80000e+00,3.28000e+01,
2.80000e-02,-4.64000e+00,3.28000e+01,
7.60000e-02,4.80000e+00,3.44000e+01,
8.00000e-02,4.80000e+00,3.28000e+01,
3.20000e-02,-4.72000e+00,3.44000e+01,
8.00000e-02,4.80000e+00,3.44000e+01,
2.80000e-02,-4.72000e+00,3.28000e+01,
3.20000e-02,-4.64000e+00,3.28000e+01,
8.80000e-02,4.80000e+00,3.44000e+01,
8.40000e-02,4.80000e+00,3.28000e+01,
3.20000e-02,-4.72000e+00,3.44000e+01,
8.40000e-02,4.80000e+00,3.28000e+01,
3.60000e-02,-4.72000e+00,3.44000e+01,
8.40000e-02,4.80000e+00,3.28000e+01,
2.80000e-02,-4.72000e+00,3.44000e+01,
2.80000e-02,4.80000e+00,3.28000e+01,
8.40000e-02,-4.72000e+00,3.44000e+01,
8.40000e-02,4.80000e+00,3.28000e+01,
3.20000e-02,-4.80000e+00,3.44000e+01,
3.60000e-02,4.80000e+00,3.44000e+01,
8.40000e-02,-4.72000e+00,3.28000e+01,
8.40000e-02,-4.64000e+00,3.28000e+01,
3.60000e-02,4.80000e+00,3.44000e+01,
3.60000e-02,4.80000e+00,3.44000e+01,
8.40000e-02,-4.72000e+00,3.28000e+01,
3.20000e-02,-4.64000e+00,3.28000e+01,
8.40000e-02,4.80000e+00,3.44000e+01,
3.60000e-02,4.80000e+00,3.28000e+01,
8.40000e-02,-4.72000e+00,3.44000e+01,
8.40000e-02,4.80000e+00,3.28000e+01,
3.60000e-02,-4.72000e+00,3.44000e+01,
8.40000e-02,4.80000e+00,3.44000e+01,
3.60000e-02,-4.64000e+00,3.28000e+01,
3.60000e-02,4.80000e+00,3.28000e+01,
8.40000e-02,-4.72000e+00,3.44000e+01,
2.80000e-02,-4.72000e+00,3.44000e+01,
8.40000e-02,4.80000e+00,3.28000e+01,
8.40000e-02,-4.80000e+00,3.28000e+01,
2.40000e-02,4.80000e+00,3.44000e+01,
3.60000e-02,4.80000e+00,3.44000e+01,
9.20000e-02,-4.72000e+00,3.28000e+01,
3.60000e-02,-4.64000e+00,3.28000e+01,
8.40000e-02,4.80000e+00,3.44000e+01,
3.60000e-02,-4.72000e+00,3.28000e+01,
8.40000e-02,4.80000e+00,3.44000e+01,
3.60000e-02,4.80000e+00,3.28000e+01,
8.80000e-02,-4.72000e+00,3.44000e+01,
3.60000e-02,4.80000e+00,3.44000e+01,
8.40000e-02,-4.64000e+00,3.28000e+01,
8.80000e-02,4.80000e+00,3.28000e+01,
3.20000e-02,-4.72000e+00,3.44000e+01,
3.60000e-02,4.80000e+00,3.28000e+01,
8.80000e-02,-4.72000e+00,3.44000e+01,
9.20000e-02,4.80000e+00,3.28000e+01,
2.80000e-02,-4.72000e+00,3.44000e+01,
8.40000e-02,-4.64000e+00,3.28000e+01,
3.60000e-02,4.80000e+00,3.44000e+01,
3.60000e-02,4.80000e+00,3.44000e+01,
8.80000e-02,-4.72000e+00,3.28000e+01,
3.60000e-02,4.80000e+00,3.28000e+01,
9.20000e-02,-4.72000e+00,3.44000e+01,
4.00000e-02,-4.64000e+00,3.28000e+01,
9.60000e-02,4.80000e+00,3.44000e+01,
4.00000e-02,-4.64000e+00,3.28000e+01,
9.20000e-02,4.80000e+00,3.44000e+01,
9.20000e-02,4.80000e+00,3.28000e+01,
3.60000e-02,-4.72000e+00,3.44000e+01,
3.60000e-02,4.80000e+00,3.28000e+01,
9.20000e-02,-4.80000e+00,3.44000e+01,
4.00000e-02,4.80000e+00,3.28000e+01,
9.60000e-02,-4.80000e+00,3.44000e+01,
4.40000e-02,4.80000e+00,3.28000e+01,
9.60000e-02,-4.72000e+00,3.44000e+01,
4.80000e-02,4.80000e+00,3.44000e+01,
9.60000e-02,-4.80000e+00,3.28000e+01,
4.40000e-02,4.80000e+00,3.28000e+01,
9.60000e-02,-4.72000e+00,3.44000e+01,
4.80000e-02,4.80000e+00,3.44000e+01,
9.60000e-02,-4.72000e+00,3.28000e+01,
9.60000e-02,4.80000e+00,3.28000e+01,
4.80000e-02,-4.72000e+00,3.44000e+01,
1.00000e-01,4.80000e+00,3.44000e+01,
4.80000e-02,-4.72000e+00,3.28000e+01,
5.20000e-02,4.80000e+00,3.44000e+01,
1.04000e-01,-4.80000e+00,3.28000e+01,
5.20000e-02,4.80000e+00,3.44000e+01,
1.08000e-01,-4.72000e+00,3.28000e+01,
5.20000e-02,4.80000e+00,3.44000e+01,
1.04000e-01,-4.80000e+00,3.28000e+01,
1.04000e-01,4.80000e+00,3.44000e+01,
5.20000e-02,-4.72000e+00,3.28000e+01,
5.60000e-02,-4.64000e+00,3.44000e+01,
1.08000e-01,4.80000e+00,3.28000e+01,
1.08000e-01,4.80000e+00,3.28000e+01,
5.20000e-02,-4.72000e+00,3.44000e+01,
1.08000e-01,4.80000e+00,3.44000e+01,
5.60000e-02,-4.72000e+00,3.28000e+01,
6.00000e-02,4.80000e+00,3.28000e+01,
1.08000e-01,-4.64000e+00,3.44000e+01,
5.60000e-02,4.80000e+00,3.28000e+01,
1.12000e-01,-4.72000e+00,3.44000e+01,
1.12000e-01,4.80000e+00,3.44000e+01,
5.60000e-02,-4.72000e+00,3.28000e+01,
1.08000e-01,-4.64000e+00,3.28000e+01,
5.60000e-02,4.80000e+00,3.44000e+01,
6.00000e-02,-4.64000e+00,3.44000e+01,
1.08000e-01,4.80000e+00,3.28000e+01,
6.00000e-02,-4.64000e+00,3.28000e+01,
1.12000e-01,4.80000e+00,3.44000e+01,
1.16000e-01,-4.64000e+00,3.28000e+01,
6.00000e-02,4.80000e+00,3.44000e+01,
6.40000e-02,-4.64000e+00,3.28000e+01,
1.12000e-01,4.80000e+00,3.44000e+01,
6.00000e-02,4.80000e+00,3.44000e+01,
1.12000e-01,-4.72000e+00,3.28000e+01,
1.08000e-01,-4.64000e+00,3.44000e+01,
6.00000e-02,4.80000e+00,3.28000e+01,
6.00000e-02,4.80000e+00,3.28000e+01,
1.08000e-01,-4.64000e+00,3.44000e+01,
6.00000e-02,-4.64000e+00,3.28000e+01,
1.16000e-01,4.80000e+00,3.44000e+01,
6.00000e-02,-4.64000e+00,3.44000e+01,
1.16000e-01,4.80000e+00,3.28000e+01,
6.00000e-02,-4.64000e+00,3.28000e+01,
1.12000e-01,4.80000e+00,3.44000e+01,
6.40000e-02,-4.64000e+00,3.28000e+01,
1.16000e-01,4.80000e+00,3.44000e+01,
1.12000e-01,-4.64000e+00,3.28000e+01,
6.00000e-02,4.80000e+00,3.44000e+01,
1.16000e-01,4.80000e+00,3.28000e+01,
6.00000e-02,-4.72000e+00,3.44000e+01,
1.12000e-01,4.80000e+00,3.28000e+01,
6.00000e-02,-4.64000e+00,3.44000e+01,
6.40000e-02,-4.72000e+00,3.28000e+01,
1.16000e-01,4.80000e+00,3.44000e+01,
6.00000e-02,4.80000e+00,3.28000e+01,
1.16000e-01,-4.72000e+00,3.44000e+01,
6.00000e-02,4.80000e+00,3.28000e+01,
1.08000e-01,-4.64000e+00,3.44000e+01,
6.00000e-02,4.80000e+00,3.28000e+01,
1.16000e-01,-4.72000e+00,3.44000e+01,
1.16000e-01,-4.64000e+00,3.44000e+01,
6.00000e-02,4.80000e+00,3.28000e+01,
6.00000e-02,-4.64000e+00,3.28000e+01,
1.16000e-01,4.80000e+00,3.44000e+01,
6.00000e-02,-4.64000e+00,3.44000e+01,
1.16000e-01,4.80000e+00,3.28000e+01,
6.00000e-02,-4.64000e+00,3.28000e+01,
1.12000e-01,4.80000e+00,3.44000e+01,
6.00000e-02,4.80000e+00,3.44000e+01,
1.16000e-01,-4.72000e+00,3.28000e+01,
6.40000e-02,-4.64000e+00,3.44000e+01,
1.12000e-01,4.80000e+00,3.28000e+01,
6.00000e-02,-4.64000e+00,3.28000e+01,
1.16000e-01,4.80000e+00,3.44000e+01,
1.12000e-01,-4.64000e+00,3.28000e+01,
5.20000e-02,4.80000e+00,3.44000e+01,
6.00000e-02,-4.64000e+00,3.28000e+01,
1.08000e-01,4.80000e+00,3.44000e+01,
6.00000e-02,-4.64000e+00,3.28000e+01,
1.16000e-01,4.80000e+00,3.44000e+01,
6.00000e-02,-4.64000e+00,3.28000e+01,
1.16000e-01,4.80000e+00,3.44000e+01,
6.40000e-02,-4.64000e+00,3.44000e+01,
1.12000e-01,4.80000e+00,3.28000e+01,
1.12000e-01,4.80000e+00,3.28000e+01,
6.40000e-02,-4.72000e+00,3.44000e+01,
1.12000e-01,4.80000e+00,3.44000e+01,
6.00000e-02,-4.72000e+00,3.28000e+01,
1.16000e-01,4.80000e+00,3.44000e+01,
6.00000e-02,-4.72000e+00,3.28000e+01,
1.16000e-01,-4.64000e+00,3.28000e+01,
6.00000e-02,4.80000e+00,3.44000e+01,
1.16000e-01,4.80000e+00,3.44000e+01,
6.40000e-02,-4.80000e+00,3.28000e+01,
6.40000e-02,-4.64000e+00,3.28000e+01,
1.16000e-01,4.80000e+00,3.44000e+01,
6.40000e-02,4.80000e+00,3.28000e+01,
1.16000e-01,-4.72000e+00,3.44000e+01,
6.40000e-02,-4.72000e+00,3.44000e+01,
1.16000e-01,4.80000e+00,3.28000e+01,
6.40000e-02,-4.80000e+00,3.28000e+01,
1.16000e-01,4.80000e+00,3.44000e+01,
6.40000e-02,4.80000e+00,3.28000e+01,
1.20000e-01,-4.72000e+00,3.44000e+01,
1.16000e-01,4.80000e+00,3.28000e+01,
6.80000e-02,-4.64000e+00,3.44000e+01,
1.20000e-01,-4.72000e+00,3.28000e+01,
6.40000e-02,4.80000e+00,3.44000e+01,
1.16000e-01,4.80000e+00,3.44000e+01,
6.40000e-02,-4.72000e+00,3.28000e+01,
7.20000e-02,4.80000e+00,3.28000e+01,
1.28000e-01,-4.80000e+00,3.44000e+01,
7.20000e-02,4.80000e+00,3.28000e+01,
1.24000e-01,-4.72000e+00,3.44000e+01,
7.20000e-02,-4.64000e+00,3.28000e+01,
1.20000e-01,4.80000e+00,3.44000e+01,
1.20000e-01,-4.64000e+00,3.28000e+01,
6.40000e-02,4.80000e+00,3.44000e+01,
6.40000e-02,4.80000e+00,3.28000e+01,
1.20000e-01,-4.72000e+00,3.44000e+01,
7.20000e-02,-4.64000e+00,3.28000e+01,
1.20000e-01,4.80000e+00,3.44000e+01,
7.20000e-02,-4.64000e+00,3.28000e+01,
1.20000e-01,4.80000e+00,3.44000e+01,
1.20000e-01,-4.64000e+00,3.28000e+01,
6.80000e-02,4.80000e+00,3.44000e+01,
1.20000e-01,4.80000e+00,3.28000e+01,
7.20000e-02,-4.72000e+00,3.44000e+01,
1.20000e-01,-4.64000e+00,3.28000e+01,
7.20000e-02,4.80000e+00,3.44000e+01,
6.40000e-02,4.80000e+00,3.28000e+01,
1.24000e-01,-4.72000e+00,3.44000e+01,
7.20000e-02,-4.64000e+00,3.28000e+01,
1.20000e-01,4.80000e+00,3.44000e+01,
1.20000e-01,-4.64000e+00,3.28000e+01,
7.20000e-02,4.80000e+00,3.44000e+01,
1.20000e-01,-4.64000e+00,3.28000e+01,
7.20000e-02,4.80000e+00,3.44000e+01,
1.24000e-01,-4.64000e+00,3.28000e+01,
6.40000e-02,4.80000e+00,3.44000e+01,
1.20000e-01,-4.72000e+00,3.44000e+01,
6.40000e-02,4.88000e+00,0.00000e+00,
6.40000e-02,4.88000e+00,-8.00000e-01,
1.20000e-01,-4.40000e+00,3.36000e+01,
1.16000e-01,-4.88000e+00,3.28000e+01,
6.00000e-02,4.88000e+00,3.44000e+01,
1.16000e-01,-4.88000e+00,3.44000e+01,
6.40000e-02,4.88000e+00,3.28000e+01,
6.80000e-02,-4.88000e+00,3.28000e+01,
1.20000e-01,4.88000e+00,3.44000e+01,
6.40000e-02,4.88000e+00,3.28000e+01,
1.20000e-01,-4.88000e+00,3.44000e+01,
1.20000e-01,-4.88000e+00,3.28000e+01,
6.40000e-02,4.88000e+00,3.44000e+01,
6.80000e-02,4.88000e+00,3.28000e+01,
1.20000e-01,-4.88000e+00,3.44000e+01,
1.20000e-01,4.88000e+00,3.28000e+01,
6.40000e-02,-4.88000e+00,3.44000e+01,
1.16000e-01,4.88000e+00,3.28000e+01,
6.40000e-02,-4.88000e+00,3.44000e+01,
1.16000e-01,4.88000e+00,3.28000e+01,
6.00000e-02,-4.88000e+00,3.44000e+01,
6.40000e-02,-4.88000e+00,3.28000e+01,
1.16000e-01,4.88000e+00,3.44000e+01,
1.16000e-01,4.88000e+00,3.28000e+01,
6.00000e-02,-4.88000e+00,3.44000e+01,
1.16000e-01,4.88000e+00,3.44000e+01,
6.00000e-02,-4.88000e+00,3.28000e+01,
1.16000e-01,4.88000e+00,3.44000e+01,
6.40000e-02,-4.88000e+00,3.28000e+01,
1.16000e-01,4.88000e+00,3.28000e+01,
6.80000e-02,-4.88000e+00,3.44000e+01,
1.16000e-01,4.88000e+00,3.44000e+01,
6.40000e-02,-4.88000e+00,3.28000e+01,
6.40000e-02,4.88000e+00,3.44000e+01,
1.16000e-01,-4.80000e+00,3.28000e+01,
6.40000e-02,4.88000e+00,3.28000e+01,
1.28000e-01,-4.88000e+00,3.44000e+01,
1.16000e-01,4.88000e+00,3.28000e+01,
6.40000e-02,-4.88000e+00,3.44000e+01,
6.40000e-02,4.88000e+00,3.28000e+01,
1.20000e-01,-4.88000e+00,3.44000e+01,
6.40000e-02,4.88000e+00,3.28000e+01,
1.20000e-01,-4.88000e+00,3.44000e+01,
1.16000e-01,4.88000e+00,3.28000e+01,
6.80000e-02,-4.80000e+00,3.44000e+01,
7.20000e-02,-4.88000e+00,3.44000e+01,
1.20000e-01,4.88000e+00,3.28000e+01,
1.24000e-01,4.88000e+00,3.28000e+01,
6.40000e-02,-4.88000e+00,3.44000e+01,
7.20000e-02,4.88000e+00,3.28000e+01,
1.32000e-01,-4.88000e+00,3.44000e+01,
7.20000e-02,4.88000e+00,3.28000e+01,
1.28000e-01,-4.88000e+00,3.44000e+01,
7.20000e-02,4.88000e+00,3.28000e+01,
1.24000e-01,-4.88000e+00,3.44000e+01,
7.20000e-02,4.88000e+00,3.28000e+01,
1.28000e-01,-4.88000e+00,3.44000e+01,
7.60000e-02,4.88000e+00,3.44000e+01,
1.28000e-01,-4.88000e+00,3.28000e+01,
7.60000e-02,4.88000e+00,3.28000e+01,
1.32000e-01,-4.80000e+00,3.44000e+01,
7.60000e-02,4.88000e+00,3.44000e+01,
1.32000e-01,-4.88000e+00,3.28000e+01,
1.28000e-01,4.88000e+00,3.28000e+01,
7.20000e-02,-4.88000e+00,3.44000e+01,
1.32000e-01,4.88000e+00,3.44000e+01,
8.40000e-02,-4.88000e+00,3.28000e+01,
8.00000e-02,4.88000e+00,3.28000e+01,
1.32000e-01,-4.88000e+00,3.44000e+01,
7.60000e-02,4.88000e+00,3.28000e+01,
1.32000e-01,-4.88000e+00,3.44000e+01,
1.36000e-01,4.88000e+00,3.44000e+01,
8.40000e-02,-4.80000e+00,3.28000e+01,
7.60000e-02,4.88000e+00,3.28000e+01,
1.32000e-01,-4.88000e+00,3.44000e+01,
8.40000e-02,-4.80000e+00,3.28000e+01,
1.40000e-01,4.88000e+00,3.44000e+01,
1.32000e-01,4.88000e+00,3.44000e+01,
8.40000e-02,-4.80000e+00,3.28000e+01,
8.00000e-02,4.88000e+00,3.28000e+01,
1.32000e-01,-4.80000e+00,3.44000e+01,
8.40000e-02,4.88000e+00,3.28000e+01,
1.40000e-01,-4.80000e+00,3.44000e+01,
1.32000e-01,4.88000e+00,3.44000e+01,
7.60000e-02,-4.80000e+00,3.28000e+01,
8.40000e-02,4.88000e+00,3.28000e+01,
1.32000e-01,-4.80000e+00,3.44000e+01,
1.36000e-01,4.88000e+00,3.28000e+01,
8.40000e-02,-4.80000e+00,3.44000e+01,
8.40000e-02,4.88000e+00,3.28000e+01,
1.40000e-01,-4.80000e+00,3.44000e+01,
8.40000e-02,4.88000e+00,3.28000e+01,
1.40000e-01,-4.80000e+00,3.44000e+01,
8.40000e-02,4.88000e+00,3.28000e+01,
1.36000e-01,-4.80000e+00,3.44000e+01,
1.32000e-01,4.88000e+00,3.28000e+01,
8.40000e-02,-4.80000e+00,3.44000e+01,
1.40000e-01,-4.88000e+00,3.44000e+01,
8.40000e-02,4.88000e+00,3.28000e+01,
1.32000e-01,4.88000e+00,3.44000e+01,
8.40000e-02,-4.80000e+00,3.28000e+01,
1.32000e-01,4.88000e+00,3.44000e+01,
8.40000e-02,-4.80000e+00,3.28000e+01,
8.40000e-02,4.88000e+00,3.28000e+01,
1.36000e-01,-4.80000e+00,3.44000e+01,
1.32000e-01,-4.80000e+00,3.44000e+01,
8.00000e-02,4.88000e+00,3.28000e+01,
